,route_id,waypoint_id,waypoint_type,latitude,longitude,service_time,pickup_chilled_totes,pickup_freezer_totes,pickup_weight,dropoff_chilled_totes,dropoff_freezer_totes,dropoff_weight,distance_to_next,duration_to_next,order_source,start_time,end_time,post_code,suburb
0,d07a403f-6e79-4eaa-9ed6-a432882eaf85,ORIGIN,ORIGIN,-16.943785,145.739443,1800,0,0,0,0,0,0,1838,324,,2024-02-19T04:00:00Z,2024-02-19T13:00:00Z,,
1,d07a403f-6e79-4eaa-9ed6-a432882eaf85,191913669,VISIT,-16.954404,145.745813,300,0,0,0,2,1,17956,10322,731,B2C,2024-02-19T03:55:00Z,2024-02-19T06:44:00Z,4868,Woree
2,d07a403f-6e79-4eaa-9ed6-a432882eaf85,191831455,VISIT,-17.036294,145.743177,1152,0,0,0,4,1,41802,1300,198,B2C,2024-02-19T03:55:00Z,2024-02-19T06:44:00Z,4869,Edmonton
3,d07a403f-6e79-4eaa-9ed6-a432882eaf85,191808371,VISIT,-17.030976,145.738843,1152,0,0,0,4,1,45905,1393,179,B2C,2024-02-19T03:55:00Z,2024-02-19T06:44:00Z,4869,Edmonton
4,d07a403f-6e79-4eaa-9ed6-a432882eaf85,191577200,VISIT,-17.026982,145.746373,600,0,0,0,2,0,12346,15625,877,B2C,2024-02-19T03:55:00Z,2024-02-19T06:44:00Z,4869,Edmonton
5,d07a403f-6e79-4eaa-9ed6-a432882eaf85,191738957,VISIT,-17.068831,145.834344,270,0,0,0,5,1,34457,5330,232,B2C,2024-02-19T04:55:00Z,2024-02-19T07:44:00Z,4865,Gordonvale
6,d07a403f-6e79-4eaa-9ed6-a432882eaf85,191778781,VISIT,-17.082515,145.805939,225,0,0,0,2,0,11677,6674,575,B2C,2024-02-19T04:55:00Z,2024-02-19T07:44:00Z,4865,Gordonvale
7,d07a403f-6e79-4eaa-9ed6-a432882eaf85,191774536,VISIT,-17.088241,145.760717,270,0,0,0,4,1,34798,1919,251,B2C,2024-02-19T03:55:00Z,2024-02-19T06:44:00Z,4865,Gordonvale
8,d07a403f-6e79-4eaa-9ed6-a432882eaf85,191858746,VISIT,-17.094151,145.768761,225,0,0,0,2,1,10302,2981,319,B2C,2024-02-19T03:55:00Z,2024-02-19T06:44:00Z,4865,Gordonvale
9,d07a403f-6e79-4eaa-9ed6-a432882eaf85,191885609,VISIT,-17.097744,145.78188,225,0,0,0,2,1,13054,6773,350,B2C,2024-02-19T05:51:00Z,2024-02-19T10:33:00Z,4865,Gordonvale
10,d07a403f-6e79-4eaa-9ed6-a432882eaf85,191872190,VISIT,-17.111068,145.833302,432,0,0,0,4,1,45989,15891,881,B2C,2024-02-19T04:55:00Z,2024-02-19T07:44:00Z,4871,Aloomba
11,d07a403f-6e79-4eaa-9ed6-a432882eaf85,191729353,VISIT,-17.151093,145.740212,360,0,0,0,3,1,20109,1833,130,B2C,2024-02-19T04:55:00Z,2024-02-19T07:44:00Z,4865,Goldsborough
12,d07a403f-6e79-4eaa-9ed6-a432882eaf85,191757443,VISIT,-17.147336,145.733996,300,0,0,0,2,1,18759,1899,143,B2C,2024-02-19T06:55:00Z,2024-02-19T09:44:00Z,4865,Goldsborough
13,d07a403f-6e79-4eaa-9ed6-a432882eaf85,191731841,VISIT,-17.154421,145.740184,360,0,0,0,5,0,34927,6730,401,B2C,2024-02-19T06:55:00Z,2024-02-19T09:44:00Z,4865,Goldsborough
14,d07a403f-6e79-4eaa-9ed6-a432882eaf85,191731727,VISIT,-17.14119,145.72176,576,0,0,0,7,1,73290,11125,705,B2C,2024-02-19T04:55:00Z,2024-02-19T07:44:00Z,4865,Little Mulgrave
15,d07a403f-6e79-4eaa-9ed6-a432882eaf85,191833054,VISIT,-17.092253,145.768363,270,0,0,0,3,0,29176,1461,172,B2C,2024-02-19T07:55:00Z,2024-02-19T10:44:00Z,4865,Gordonvale
16,d07a403f-6e79-4eaa-9ed6-a432882eaf85,191875591,VISIT,-17.084083,145.767359,225,0,0,0,2,0,10554,9268,601,B2C,2024-02-19T07:55:00Z,2024-02-19T10:44:00Z,4865,Gordonvale
17,d07a403f-6e79-4eaa-9ed6-a432882eaf85,191731568,VISIT,-17.033345,145.743993,1152,0,0,0,4,0,42865,2375,228,B2C,2024-02-19T05:51:00Z,2024-02-19T10:33:00Z,4869,Edmonton
18,d07a403f-6e79-4eaa-9ed6-a432882eaf85,191628314,VISIT,-17.044821,145.739451,720,0,0,0,5,0,25599,4596,367,B2C,2024-02-19T05:51:00Z,2024-02-19T10:33:00Z,4869,Mount Peter
19,d07a403f-6e79-4eaa-9ed6-a432882eaf85,191725263,VISIT,-17.025524,145.737284,720,0,0,0,4,1,35608,3927,451,B2C,2024-02-19T06:55:00Z,2024-02-19T09:44:00Z,4869,Edmonton
20,d07a403f-6e79-4eaa-9ed6-a432882eaf85,189789857,VISIT,-17.019323,145.709451,1152,0,0,0,6,1,53635,4400,474,B2C,2024-02-19T08:55:00Z,2024-02-19T11:44:00Z,4869,Bentley Park
21,d07a403f-6e79-4eaa-9ed6-a432882eaf85,191916016,VISIT,-17.015398,145.741485,1152,0,0,0,7,1,68759,1499,171,B2C,2024-02-19T05:51:00Z,2024-02-19T10:33:00Z,4869,Edmonton
22,d07a403f-6e79-4eaa-9ed6-a432882eaf85,191933112,VISIT,-17.00788,145.7355,1152,0,0,0,6,1,47649,8708,765,W@W,2024-02-19T07:51:00Z,2024-02-19T12:33:00Z,4869,Bentley Park
23,d07a403f-6e79-4eaa-9ed6-a432882eaf85,DESTINATION,DESTINATION,-16.943785,145.739443,0,0,0,0,0,0,0,0,0,,2024-02-19T04:00:00Z,2024-02-19T13:00:00Z,,
24,4d4a34a6-580c-49a9-93af-93cacbb6f24f,ORIGIN,ORIGIN,-16.943785,145.739443,1800,0,0,0,0,0,0,3095,402,,2024-02-18T19:00:00Z,2024-02-19T03:30:00Z,,
25,4d4a34a6-580c-49a9-93af-93cacbb6f24f,191092890,VISIT,-16.92726,145.74232,1632,0,0,0,11,2,108262,3183,350,W@W,2024-02-18T18:55:00Z,2024-02-18T21:44:00Z,4870,Manunda
26,4d4a34a6-580c-49a9-93af-93cacbb6f24f,191387521,VISIT,-16.932673,145.762408,720,0,0,0,4,0,33548,2156,256,B2C,2024-02-18T18:55:00Z,2024-02-18T21:44:00Z,4870,Bungalow
27,4d4a34a6-580c-49a9-93af-93cacbb6f24f,191171709,VISIT,-16.946001,145.772731,1632,0,0,0,10,0,111598,300,120,B2C,2024-02-18T20:55:00Z,2024-02-18T23:44:00Z,4870,Portsmith
28,4d4a34a6-580c-49a9-93af-93cacbb6f24f,191056687,VISIT,-16.94515,145.77079,1632,0,0,0,9,1,102069,2777,327,B2C,2024-02-18T20:51:00Z,2024-02-19T01:33:00Z,4870,Portsmith
29,4d4a34a6-580c-49a9-93af-93cacbb6f24f,191076683,VISIT,-16.9402,145.7518,600,0,0,0,2,0,16692,3068,354,W@W,2024-02-18T21:55:00Z,2024-02-19T00:44:00Z,4870,Bungalow
30,4d4a34a6-580c-49a9-93af-93cacbb6f24f,191322866,VISIT,-16.934098,145.73005,1152,0,0,0,9,0,70896,0,0,W@W,2024-02-18T20:55:00Z,2024-02-18T23:44:00Z,4870,Kanimbla
31,4d4a34a6-580c-49a9-93af-93cacbb6f24f,191081086,VISIT,-16.934098,145.73005,1152,0,0,0,10,0,79734,1732,180,W@W,2024-02-18T20:55:00Z,2024-02-18T23:44:00Z,4870,Kanimbla
32,4d4a34a6-580c-49a9-93af-93cacbb6f24f,191474677,VISIT,-16.92326,145.73577,1152,0,0,0,5,1,47331,686,120,W@W,2024-02-18T20:55:00Z,2024-02-18T23:44:00Z,4870,Manoora
33,4d4a34a6-580c-49a9-93af-93cacbb6f24f,191425739,VISIT,-16.923368,145.737928,600,0,0,0,2,1,14180,396,120,B2C,2024-02-18T22:55:00Z,2024-02-19T01:44:00Z,4870,Manoora
34,4d4a34a6-580c-49a9-93af-93cacbb6f24f,190426973,VISIT,-16.92279,145.74152,1152,0,0,0,7,0,52531,2889,373,W@W,2024-02-18T21:55:00Z,2024-02-19T00:44:00Z,4870,Manunda
35,4d4a34a6-580c-49a9-93af-93cacbb6f24f,191844361,VISIT,-16.903028,145.745206,720,0,0,0,4,1,32770,1510,127,B2C,2024-02-18T22:55:00Z,2024-02-19T01:44:00Z,4870,Edge Hill
36,4d4a34a6-580c-49a9-93af-93cacbb6f24f,191447554,VISIT,-16.909839,145.750702,1632,0,0,0,9,1,110268,4721,636,B2C,2024-02-18T22:55:00Z,2024-02-19T01:44:00Z,4870,Manunda
37,4d4a34a6-580c-49a9-93af-93cacbb6f24f,AUTO_RELOAD,RELOAD,-16.943785,145.739443,1800,0,0,0,0,0,0,3878,509,,2024-02-19T00:00:00Z,2024-02-19T02:30:00Z,,
38,4d4a34a6-580c-49a9-93af-93cacbb6f24f,191735438,VISIT,-16.956569,145.727144,270,0,0,0,4,0,31727,1888,227,B2C,2024-02-18T23:55:00Z,2024-02-19T02:44:00Z,4868,Bayview Heights
39,4d4a34a6-580c-49a9-93af-93cacbb6f24f,191867954,VISIT,-16.966789,145.728232,270,0,0,0,5,1,37363,1503,182,B2C,2024-02-19T00:55:00Z,2024-02-19T03:44:00Z,4868,Bayview Heights
40,4d4a34a6-580c-49a9-93af-93cacbb6f24f,191573737,VISIT,-16.96725,145.7407,648,0,0,0,9,1,80672,532,120,W@W,2024-02-18T23:55:00Z,2024-02-19T02:44:00Z,4868,Woree
41,4d4a34a6-580c-49a9-93af-93cacbb6f24f,191752685,VISIT,-16.965592,145.738015,576,0,0,0,5,1,40227,3620,511,B2C,2024-02-19T00:55:00Z,2024-02-19T03:44:00Z,4868,Woree
42,4d4a34a6-580c-49a9-93af-93cacbb6f24f,DESTINATION,DESTINATION,-16.943785,145.739443,0,0,0,0,0,0,0,0,0,,2024-02-18T19:00:00Z,2024-02-19T03:30:00Z,,
43,371fb0b6-66e9-433d-9f51-8f5d8e53381d,ORIGIN,ORIGIN,-16.943785,145.739443,1800,0,0,0,0,0,0,7978,639,,2024-02-18T19:00:00Z,2024-02-19T03:30:00Z,,
44,371fb0b6-66e9-433d-9f51-8f5d8e53381d,190530161,VISIT,-17.00577,145.74167,720,0,0,0,4,1,24167,628,120,W@W,2024-02-18T19:55:00Z,2024-02-18T22:44:00Z,4869,Bentley Park
45,371fb0b6-66e9-433d-9f51-8f5d8e53381d,191441483,VISIT,-17.003648,145.736892,1248,0,0,0,10,1,94473,11950,785,B2C,2024-02-18T19:55:00Z,2024-02-18T22:44:00Z,4869,Bentley Park
46,371fb0b6-66e9-433d-9f51-8f5d8e53381d,191568858,VISIT,-17.09021,145.783934,756,0,0,0,16,3,185597,0,0,B2C,2024-02-18T18:55:00Z,2024-02-18T21:44:00Z,4865,Gordonvale
47,371fb0b6-66e9-433d-9f51-8f5d8e53381d,189599341,VISIT,-17.09021,145.783934,270,0,0,0,6,1,35160,11579,730,W@W,2024-02-18T19:55:00Z,2024-02-18T22:44:00Z,4865,Gordonvale
48,371fb0b6-66e9-433d-9f51-8f5d8e53381d,191176336,VISIT,-17.04017,145.74116,1152,0,0,0,5,0,42654,4671,396,W@W,2024-02-18T18:55:00Z,2024-02-18T21:44:00Z,4869,Mount Peter
49,371fb0b6-66e9-433d-9f51-8f5d8e53381d,191547538,VISIT,-17.02118,145.73702,1152,0,0,0,5,1,51840,974,120,W@W,2024-02-18T19:55:00Z,2024-02-18T22:44:00Z,4869,Edmonton
50,371fb0b6-66e9-433d-9f51-8f5d8e53381d,191191084,VISIT,-17.01872,145.74353,1152,0,0,0,2,0,65000,550,120,W@W,2024-02-18T21:55:00Z,2024-02-19T00:44:00Z,4869,Edmonton
51,371fb0b6-66e9-433d-9f51-8f5d8e53381d,191390259,VISIT,-17.0153,145.7409,720,0,0,0,5,1,39534,1825,205,W@W,2024-02-18T19:55:00Z,2024-02-18T22:44:00Z,4869,Edmonton
52,371fb0b6-66e9-433d-9f51-8f5d8e53381d,191574330,VISIT,-17.0088,145.74039,1152,0,0,0,7,0,55955,2191,279,B2C,2024-02-18T21:55:00Z,2024-02-19T00:44:00Z,4869,Bentley Park
53,371fb0b6-66e9-433d-9f51-8f5d8e53381d,191578709,VISIT,-16.99448,145.74344,576,0,0,0,8,2,71092,4806,408,W@W,2024-02-18T21:55:00Z,2024-02-19T00:44:00Z,4868,White Rock
54,371fb0b6-66e9-433d-9f51-8f5d8e53381d,190712511,VISIT,-16.96753,145.74117,648,0,0,0,7,0,82877,514,123,W@W,2024-02-18T21:55:00Z,2024-02-19T00:44:00Z,4868,Woree
55,371fb0b6-66e9-433d-9f51-8f5d8e53381d,191737494,VISIT,-16.96509,145.738792,300,0,0,0,3,1,13933,3645,514,B2C,2024-02-18T22:51:00Z,2024-02-19T03:33:00Z,4868,Woree
56,371fb0b6-66e9-433d-9f51-8f5d8e53381d,AUTO_RELOAD,RELOAD,-16.943785,145.739443,1800,0,0,0,0,0,0,3386,491,,2024-02-19T00:00:00Z,2024-02-19T02:30:00Z,,
57,371fb0b6-66e9-433d-9f51-8f5d8e53381d,191447270,VISIT,-16.932267,145.761346,1152,0,0,0,7,1,64358,1957,303,B2C,2024-02-18T22:55:00Z,2024-02-19T01:44:00Z,4870,Bungalow
58,371fb0b6-66e9-433d-9f51-8f5d8e53381d,191585862,VISIT,-16.92308,145.77159,720,0,0,0,4,0,36266,692,137,W@W,2024-02-18T22:51:00Z,2024-02-19T03:33:00Z,4870,Cairns City
59,371fb0b6-66e9-433d-9f51-8f5d8e53381d,191536712,VISIT,-16.920931,145.770828,720,0,0,0,5,0,34671,1631,190,B2C,2024-02-18T22:55:00Z,2024-02-19T01:44:00Z,4870,Cairns City
60,371fb0b6-66e9-433d-9f51-8f5d8e53381d,191731059,VISIT,-16.917609,145.762412,720,0,0,0,5,1,37053,3238,333,B2C,2024-02-19T00:55:00Z,2024-02-19T03:44:00Z,4870,Parramatta Park
61,371fb0b6-66e9-433d-9f51-8f5d8e53381d,191589272,VISIT,-16.917357,145.735808,720,0,0,0,3,0,27945,1828,214,B2C,2024-02-18T22:51:00Z,2024-02-19T03:33:00Z,4870,Manoora
62,371fb0b6-66e9-433d-9f51-8f5d8e53381d,191571276,VISIT,-16.907438,145.727301,720,0,0,0,4,1,27414,815,136,B2C,2024-02-18T23:55:00Z,2024-02-19T02:44:00Z,4870,Whitfield
63,371fb0b6-66e9-433d-9f51-8f5d8e53381d,191759598,VISIT,-16.905498,145.729251,720,0,0,0,3,1,33290,2793,280,B2C,2024-02-18T23:55:00Z,2024-02-19T02:44:00Z,4870,Whitfield
64,371fb0b6-66e9-433d-9f51-8f5d8e53381d,191802569,VISIT,-16.914617,145.718456,720,0,0,0,5,0,30554,3262,358,B2C,2024-02-18T22:51:00Z,2024-02-19T03:33:00Z,4870,Kanimbla
65,371fb0b6-66e9-433d-9f51-8f5d8e53381d,191801885,VISIT,-16.928132,145.735906,1152,0,0,0,6,1,49147,2824,412,B2C,2024-02-18T22:51:00Z,2024-02-19T03:33:00Z,4870,Mooroobool
66,371fb0b6-66e9-433d-9f51-8f5d8e53381d,DESTINATION,DESTINATION,-16.943785,145.739443,0,0,0,0,0,0,0,0,0,,2024-02-18T19:00:00Z,2024-02-19T03:30:00Z,,
67,ca129ead-9409-41d7-abff-52018c42a6a8,ORIGIN,ORIGIN,-16.943785,145.739443,1800,0,0,0,0,0,0,713,214,,2024-02-19T04:00:00Z,2024-02-19T13:00:00Z,,
68,ca129ead-9409-41d7-abff-52018c42a6a8,191732911,VISIT,-16.943746,145.737424,1152,0,0,0,6,1,61270,4669,562,B2C,2024-02-19T05:55:00Z,2024-02-19T08:44:00Z,4870,Earlville
69,ca129ead-9409-41d7-abff-52018c42a6a8,191096267,VISIT,-16.9166,145.7494,1152,0,0,0,7,1,70431,3699,429,W@W,2024-02-19T03:55:00Z,2024-02-19T06:44:00Z,4870,Manunda
70,ca129ead-9409-41d7-abff-52018c42a6a8,191855038,VISIT,-16.926002,145.728538,1152,0,0,0,7,1,58899,2384,278,B2C,2024-02-19T04:55:00Z,2024-02-19T07:44:00Z,4870,Kanimbla
71,ca129ead-9409-41d7-abff-52018c42a6a8,191735353,VISIT,-16.936421,145.723879,1152,0,0,0,5,1,53476,1738,213,B2C,2024-02-19T04:55:00Z,2024-02-19T07:44:00Z,4870,Mooroobool
72,ca129ead-9409-41d7-abff-52018c42a6a8,191788722,VISIT,-16.933474,145.734522,720,0,0,0,3,1,25604,941,125,B2C,2024-02-19T05:55:00Z,2024-02-19T08:44:00Z,4870,Mooroobool
73,ca129ead-9409-41d7-abff-52018c42a6a8,191874062,VISIT,-16.937868,145.734363,720,0,0,0,3,1,22261,1751,241,B2C,2024-02-19T05:51:00Z,2024-02-19T10:33:00Z,4870,Mooroobool
74,ca129ead-9409-41d7-abff-52018c42a6a8,191802697,VISIT,-16.930903,145.723735,1824,0,0,0,12,2,140951,1350,187,B2C,2024-02-19T05:55:00Z,2024-02-19T08:44:00Z,4870,Mooroobool
75,ca129ead-9409-41d7-abff-52018c42a6a8,191888802,VISIT,-16.926448,145.732427,600,0,0,0,2,1,14582,1637,167,B2C,2024-02-19T06:55:00Z,2024-02-19T09:44:00Z,4870,Mooroobool
76,ca129ead-9409-41d7-abff-52018c42a6a8,191896450,VISIT,-16.9227,145.723456,720,0,0,0,2,0,20994,696,120,B2C,2024-02-19T05:51:00Z,2024-02-19T10:33:00Z,4870,Kanimbla
77,ca129ead-9409-41d7-abff-52018c42a6a8,191889375,VISIT,-16.918793,145.718519,720,0,0,0,3,0,21332,1218,163,B2C,2024-02-19T07:55:00Z,2024-02-19T10:44:00Z,4870,Kanimbla
78,ca129ead-9409-41d7-abff-52018c42a6a8,191883128,VISIT,-16.91462,145.719913,720,0,0,0,4,1,33870,2710,298,B2C,2024-02-19T05:51:00Z,2024-02-19T10:33:00Z,4870,Kanimbla
79,ca129ead-9409-41d7-abff-52018c42a6a8,190801361,VISIT,-16.927381,145.735972,1152,0,0,0,6,1,53897,4219,476,B2C,2024-02-19T05:51:00Z,2024-02-19T10:33:00Z,4870,Mooroobool
80,ca129ead-9409-41d7-abff-52018c42a6a8,191747017,VISIT,-16.922179,145.766144,720,0,0,0,3,0,27549,4235,563,B2C,2024-02-19T07:55:00Z,2024-02-19T10:44:00Z,4870,Parramatta Park
81,ca129ead-9409-41d7-abff-52018c42a6a8,DESTINATION,DESTINATION,-16.943785,145.739443,0,0,0,0,0,0,0,0,0,,2024-02-19T04:00:00Z,2024-02-19T13:00:00Z,,
82,6ca1a6d3-108c-4ce0-bce8-db072b940248,ORIGIN,ORIGIN,-16.943785,145.739443,1800,0,0,0,0,0,0,1385,255,,2024-02-18T19:00:00Z,2024-02-19T03:30:00Z,,
83,6ca1a6d3-108c-4ce0-bce8-db072b940248,191325728,VISIT,-16.95173,145.74302,648,0,0,0,9,0,80629,4386,333,W@W,2024-02-18T19:55:00Z,2024-02-18T22:44:00Z,4868,Woree
84,6ca1a6d3-108c-4ce0-bce8-db072b940248,191301826,VISIT,-16.98041,145.74642,624,0,0,0,13,0,95495,2180,229,W@W,2024-02-18T19:55:00Z,2024-02-18T22:44:00Z,4868,White Rock
85,6ca1a6d3-108c-4ce0-bce8-db072b940248,191302720,VISIT,-16.98034,145.74133,468,0,0,0,11,0,92999,2496,205,W@W,2024-02-18T19:55:00Z,2024-02-18T22:44:00Z,4868,Mount Sheridan
86,6ca1a6d3-108c-4ce0-bce8-db072b940248,191402601,VISIT,-16.96287,145.74561,624,0,0,0,8,1,92199,1623,189,W@W,2024-02-18T19:55:00Z,2024-02-18T22:44:00Z,4868,Woree
87,6ca1a6d3-108c-4ce0-bce8-db072b940248,191536365,VISIT,-16.96007,145.74115,360,0,0,0,5,0,34821,0,120,W@W,2024-02-18T19:55:00Z,2024-02-18T22:44:00Z,4868,Woree
88,6ca1a6d3-108c-4ce0-bce8-db072b940248,191563693,VISIT,-16.96008,145.74131,576,0,0,0,8,2,79602,3819,357,W@W,2024-02-18T19:55:00Z,2024-02-18T22:44:00Z,4868,Woree
89,6ca1a6d3-108c-4ce0-bce8-db072b940248,191445956,VISIT,-16.940264,145.768044,720,0,0,0,5,0,38542,1260,134,B2C,2024-02-18T20:51:00Z,2024-02-19T01:33:00Z,4870,Portsmith
90,6ca1a6d3-108c-4ce0-bce8-db072b940248,191447669,VISIT,-16.932623,145.767342,720,0,0,0,3,0,22325,1724,220,B2C,2024-02-18T19:55:00Z,2024-02-18T22:44:00Z,4870,Bungalow
91,6ca1a6d3-108c-4ce0-bce8-db072b940248,191537020,VISIT,-16.922221,145.767821,600,0,0,0,2,0,10341,466,120,B2C,2024-02-18T21:55:00Z,2024-02-19T00:44:00Z,4870,Parramatta Park
92,6ca1a6d3-108c-4ce0-bce8-db072b940248,191437115,VISIT,-16.92098,145.76643,480,0,0,0,2,0,7065,1614,178,W@W,2024-02-18T21:55:00Z,2024-02-19T00:44:00Z,4870,Parramatta Park
93,6ca1a6d3-108c-4ce0-bce8-db072b940248,191088746,VISIT,-16.92017,145.75671,1824,0,0,0,15,0,154966,2832,343,W@W,2024-02-18T20:55:00Z,2024-02-18T23:44:00Z,4870,Manunda
94,6ca1a6d3-108c-4ce0-bce8-db072b940248,191089375,VISIT,-16.923635,145.736162,480,0,0,0,2,0,8285,1049,132,B2C,2024-02-18T22:55:00Z,2024-02-19T01:44:00Z,4870,Manoora
95,6ca1a6d3-108c-4ce0-bce8-db072b940248,191705665,VISIT,-16.927388,145.731072,600,0,0,0,3,0,17020,1756,185,B2C,2024-02-18T22:51:00Z,2024-02-19T03:33:00Z,4870,Mooroobool
96,6ca1a6d3-108c-4ce0-bce8-db072b940248,189688919,VISIT,-16.94114,145.7312,480,0,0,0,1,0,2645,1342,283,W@W,2024-02-18T22:55:00Z,2024-02-19T01:44:00Z,4870,Mooroobool
97,6ca1a6d3-108c-4ce0-bce8-db072b940248,AUTO_RELOAD,RELOAD,-16.943785,145.739443,1800,0,0,0,0,0,0,9211,772,,2024-02-19T00:00:00Z,2024-02-19T02:30:00Z,,
98,6ca1a6d3-108c-4ce0-bce8-db072b940248,191434996,VISIT,-17.007636,145.731632,1296,0,0,0,11,0,88738,4404,512,W@W,2024-02-18T22:55:00Z,2024-02-19T01:44:00Z,4869,Bentley Park
99,6ca1a6d3-108c-4ce0-bce8-db072b940248,191798852,VISIT,-16.989145,145.75264,576,0,0,0,4,1,40328,14747,1054,B2C,2024-02-18T23:55:00Z,2024-02-19T02:44:00Z,4868,White Rock
100,6ca1a6d3-108c-4ce0-bce8-db072b940248,191571834,VISIT,-17.09568,145.78743,270,0,0,0,4,1,39697,662,120,W@W,2024-02-19T00:55:00Z,2024-02-19T03:44:00Z,4865,Gordonvale
101,6ca1a6d3-108c-4ce0-bce8-db072b940248,191838023,VISIT,-17.096802,145.782807,270,0,0,0,3,1,24511,6651,359,B2C,2024-02-18T23:55:00Z,2024-02-19T02:44:00Z,4865,Gordonvale
102,6ca1a6d3-108c-4ce0-bce8-db072b940248,191726635,VISIT,-17.11094,145.83238,432,0,0,0,6,1,56742,18660,1047,B2C,2024-02-18T23:55:00Z,2024-02-19T02:44:00Z,4871,Aloomba
103,6ca1a6d3-108c-4ce0-bce8-db072b940248,191725762,VISIT,-17.003747,145.745113,1152,0,0,0,6,0,68381,7525,643,B2C,2024-02-18T22:51:00Z,2024-02-19T03:33:00Z,4869,Edmonton
104,6ca1a6d3-108c-4ce0-bce8-db072b940248,DESTINATION,DESTINATION,-16.943785,145.739443,0,0,0,0,0,0,0,0,0,,2024-02-18T19:00:00Z,2024-02-19T03:30:00Z,,
105,c954e4ca-4061-4b98-819b-1f6707d5e6a0,ORIGIN,ORIGIN,-16.943785,145.739443,1800,0,0,0,0,0,0,7967,708,,2024-02-19T04:00:00Z,2024-02-19T13:00:00Z,,
106,c954e4ca-4061-4b98-819b-1f6707d5e6a0,191868509,VISIT,-16.999149,145.738022,225,0,0,0,2,1,16936,4382,469,B2C,2024-02-19T04:55:00Z,2024-02-19T07:44:00Z,4868,Mount Sheridan
107,c954e4ca-4061-4b98-819b-1f6707d5e6a0,191816326,VISIT,-17.000068,145.720934,720,0,0,0,3,1,23626,1112,146,B2C,2024-02-19T03:51:00Z,2024-02-19T08:33:00Z,4869,Bentley Park
108,c954e4ca-4061-4b98-819b-1f6707d5e6a0,191155710,VISIT,-17.006158,145.716269,720,0,0,0,4,0,25436,1987,234,B2C,2024-02-19T03:55:00Z,2024-02-19T06:44:00Z,4869,Bentley Park
109,c954e4ca-4061-4b98-819b-1f6707d5e6a0,191811571,VISIT,-17.017487,145.713468,720,0,0,0,4,1,36147,2777,310,B2C,2024-02-19T05:55:00Z,2024-02-19T08:44:00Z,4869,Bentley Park
110,c954e4ca-4061-4b98-819b-1f6707d5e6a0,191830048,VISIT,-17.024968,145.716812,720,0,0,0,3,1,26998,1184,123,B2C,2024-02-19T03:55:00Z,2024-02-19T06:44:00Z,4869,Edmonton
111,c954e4ca-4061-4b98-819b-1f6707d5e6a0,191857131,VISIT,-17.021128,145.719552,600,0,0,0,3,1,18422,2728,303,B2C,2024-02-19T05:55:00Z,2024-02-19T08:44:00Z,4869,Edmonton
112,c954e4ca-4061-4b98-819b-1f6707d5e6a0,191793506,VISIT,-17.029518,145.721964,600,0,0,0,2,1,15627,3399,378,B2C,2024-02-19T05:55:00Z,2024-02-19T08:44:00Z,4869,Edmonton
113,c954e4ca-4061-4b98-819b-1f6707d5e6a0,166362109,VISIT,-17.011625,145.736606,1152,0,0,0,5,1,57735,2173,241,B2C,2024-02-19T05:51:00Z,2024-02-19T10:33:00Z,4869,Bentley Park
114,c954e4ca-4061-4b98-819b-1f6707d5e6a0,191733618,VISIT,-17.00507,145.72681,720,0,0,0,3,1,24184,722,134,B2C,2024-02-19T05:55:00Z,2024-02-19T08:44:00Z,4869,Bentley Park
115,c954e4ca-4061-4b98-819b-1f6707d5e6a0,191861025,VISIT,-17.00471,145.729215,720,0,0,0,2,1,25900,1672,234,B2C,2024-02-19T03:51:00Z,2024-02-19T08:33:00Z,4869,Bentley Park
116,c954e4ca-4061-4b98-819b-1f6707d5e6a0,191806546,VISIT,-17.001182,145.736936,432,0,0,0,8,1,62263,1495,199,B2C,2024-02-19T05:51:00Z,2024-02-19T10:33:00Z,4868,Mount Sheridan
117,c954e4ca-4061-4b98-819b-1f6707d5e6a0,191908877,VISIT,-16.994732,145.727907,270,0,0,0,4,0,32730,4149,502,B2C,2024-02-19T07:55:00Z,2024-02-19T10:44:00Z,4868,Mount Sheridan
118,c954e4ca-4061-4b98-819b-1f6707d5e6a0,191826064,VISIT,-16.981304,145.751111,360,0,0,0,3,1,29358,409,120,B2C,2024-02-19T06:55:00Z,2024-02-19T09:44:00Z,4868,White Rock
119,c954e4ca-4061-4b98-819b-1f6707d5e6a0,191879652,VISIT,-16.979362,145.753125,576,0,0,0,6,1,56550,4751,465,B2C,2024-02-19T05:51:00Z,2024-02-19T10:33:00Z,4868,White Rock
120,c954e4ca-4061-4b98-819b-1f6707d5e6a0,191875579,VISIT,-16.956933,145.740502,576,0,0,0,5,1,49273,4639,431,B2C,2024-02-19T05:55:00Z,2024-02-19T08:44:00Z,4868,Woree
121,c954e4ca-4061-4b98-819b-1f6707d5e6a0,189465529,VISIT,-16.982654,145.73398,270,0,0,0,3,1,22774,3812,486,B2C,2024-02-19T07:55:00Z,2024-02-19T10:44:00Z,4868,Mount Sheridan
122,c954e4ca-4061-4b98-819b-1f6707d5e6a0,191881039,VISIT,-16.96949,145.72679,225,0,0,0,2,0,11700,2432,259,B2C,2024-02-19T07:55:00Z,2024-02-19T10:44:00Z,4868,Bayview Heights
123,c954e4ca-4061-4b98-819b-1f6707d5e6a0,191871111,VISIT,-16.959543,145.734403,270,0,0,0,3,1,21224,1920,211,B2C,2024-02-19T06:55:00Z,2024-02-19T09:44:00Z,4868,Bayview Heights
124,c954e4ca-4061-4b98-819b-1f6707d5e6a0,191804630,VISIT,-16.949855,145.731481,1152,0,0,0,6,1,51020,5139,552,B2C,2024-02-19T08:55:00Z,2024-02-19T11:44:00Z,4870,Earlville
125,c954e4ca-4061-4b98-819b-1f6707d5e6a0,190132844,VISIT,-16.918263,145.736577,720,0,0,0,3,0,20254,1376,182,B2C,2024-02-19T07:55:00Z,2024-02-19T10:44:00Z,4870,Manoora
126,c954e4ca-4061-4b98-819b-1f6707d5e6a0,126078475,VISIT,-16.915808,145.742138,1152,0,0,0,5,1,46856,3877,526,B2C,2024-02-19T08:55:00Z,2024-02-19T11:44:00Z,4870,Manoora
127,c954e4ca-4061-4b98-819b-1f6707d5e6a0,DESTINATION,DESTINATION,-16.943785,145.739443,0,0,0,0,0,0,0,0,0,,2024-02-19T04:00:00Z,2024-02-19T13:00:00Z,,
